,count,abs_min,abs_max,signed_min:,signed_max,median(abs),relative-l2,99th percentile(abs),95th percentile(abs),90th percentile(abs),mapping,constraint,mesh A,mesh B,ranks A,ranks B,globalTime,initializeTime,computeMappingTime,mapDataTime,peakMemA,peakMemB
11,4302,0.0,0.0357815648089516,-0.0352129946429455,0.0357815648089516,0.0054921022969134,0.009401235933408,0.0251692302530857,0.0194930846553372,0.0162554113823638,nn,consistent,0.004,0.009,0.004,0.009,3072,2292,602,0,134.671875,138.14453125
7,4302,0.0,0.0500391608999665,-0.0496172149163045,0.0500391608999665,0.007762043678914,0.0142885661689607,0.0393178451959559,0.0297952733538976,0.025165848934956,nn,consistent,0.006,0.009,0.006,0.009,2215,1465,606,0,132.69140625,135.89453125
9,4302,0.0,0.0683799354045353,-0.0683799354045353,0.0681122956588242,0.0100293168100185,0.018128530716914,0.0513664716973169,0.0374919025450876,0.0306916452984376,nn,consistent,0.008,0.009,0.008,0.009,1952,1071,641,0,132.03515625,135.76953125
10,4302,0.0,0.0983269717992838,-0.0881062482261356,0.0983269717992838,0.011662887244136,0.0222293793962216,0.0641531490729277,0.0474509388664238,0.0381394642046538,nn,consistent,0.01,0.009,0.01,0.009,1776,965,672,1,131.5546875,134.86328125
6,4302,0.0,0.1715148800574976,-0.1570690436474677,0.1715148800574976,0.0275643477328544,0.0486210809600461,0.1316952617361608,0.099805660694633,0.0836534801114958,nn,consistent,0.02,0.009,0.02,0.009,1789,1063,585,0,131.5,135.01171875
8,4302,0.0,0.2892376822802409,-0.2892376822802409,0.2439426190452134,0.0403342887199838,0.0712393038932773,0.194606860490454,0.146406627810257,0.1220052997425776,nn,consistent,0.03,0.009,0.03,0.009,2636,1385,1016,0,130.93359375,135.1796875
