,count,abs_min,abs_max,signed_min:,signed_max,median(abs),relative-l2,99th percentile(abs),95th percentile(abs),90th percentile(abs),mapping,constraint,mesh A,mesh B,ranks A,ranks B,globalTime,initializeTime,computeMappingTime,mapDataTime,peakMemA,peakMemB
1,4302,0.0,0.0364362166612621,-0.0364362166612621,0.029074321082283,0.0002320493253098,0.0012607567587534,0.0034647032643512,0.0009275299309862,0.0006810914282953,np,consistent,0.006,0.009,0.006,0.009,7539,5735,1501,2,135.4375,142.8203125
3,4302,0.0,0.0434311593997545,-0.0259082670525907,0.0434311593997545,0.0003956588274547,0.0017183681248319,0.0056871823589079,0.0016755771833197,0.0012296407660357,np,consistent,0.008,0.009,0.008,0.009,5297,3841,1328,2,133.2890625,139.26953125
4,4302,0.0,0.0480523527101448,-0.0480523527101448,0.0384304419292493,0.0006059825506979,0.0023738878860006,0.0087521479620364,0.0026027781844476,0.0019190530799217,np,consistent,0.01,0.009,0.01,0.009,4519,3089,1255,2,132.328125,137.0
0,4302,0.0,0.1335382403268263,-0.1335382403268263,0.1028755801845582,0.0025516322776761,0.0087389679959911,0.0409866511668991,0.0141131065522301,0.0089947028324161,np,consistent,0.02,0.009,0.02,0.009,3851,2202,1279,2,131.84375,135.625
2,4302,0.0,0.1867845057294253,-0.1741403352156536,0.1867845057294253,0.0058297658235094,0.0155704473561893,0.0620300510283244,0.0280473706656571,0.01869267417018,np,consistent,0.03,0.009,0.03,0.009,5097,2800,2154,11,131.1953125,135.3359375
